Título,Total,total deflactado,Sector privado no financiero,sector privado no financiero deflactado,Sector financiero no bancario,sector financiero no bancario deflactado,Sector público,sector público,Otros sectores,otros sectores deflactados,Sector externo,sector externo deflactado,Crédito a banca comercial,crédito a banca comercial deflactado
Ene 2004,"933,071.9",18.4,"624,435.9",12.3,"32,885.3",0.6,"80,491.4",1.6,"187,250.0",3.7,"8,009.3",0.2,212.6,0.004201204
Feb 2004,"934,664.1",18.5,"628,582.8",12.4,"32,581.2",0.6,"77,823.4",1.5,"187,606.4",3.7,"8,070.3",0.2,267.5,0.005286087
Mar 2004,"944,278.2",18.7,"632,759.2",12.5,"33,803.6",0.7,"81,975.0",1.6,"187,752.1",3.7,"7,988.3",0.2,376.4,0.007438068
Abr 2004,"952,235.8",18.8,"640,980.8",12.7,"34,531.6",0.7,"84,120.1",1.7,"184,497.7",3.6,"8,105.6",0.2,111.5,0.00220336
May 2004,"958,950.6",18.9,"648,379.7",12.8,"36,903.8",0.7,"82,696.6",1.6,"182,824.7",3.6,"8,145.8",0.2,257.1,0.005080572
Jun 2004,"960,839.1",19.0,"648,857.5",12.8,"40,141.5",0.8,"82,601.5",1.6,"181,266.2",3.6,"7,972.4",0.2,333.1,0.006582413
Jul 2004,"964,659.9",19.1,"653,191.1",12.9,"39,649.6",0.8,"82,305.2",1.6,"181,253.8",3.6,"8,260.2",0.2,525.4,0.010382468
Ago 2004,"974,822.6",19.3,"659,296.4",13.0,"40,800.7",0.8,"85,766.8",1.7,"180,972.6",3.6,"7,986.1",0.2,100.0,0.001976107
Sep 2004,"988,809.8",19.5,"676,081.7",13.4,"41,373.6",0.8,"82,515.7",1.6,"180,536.7",3.6,"8,302.1",0.2,165.7,0.00327441
Oct 2004,"1,023,077.9",20.2,"705,854.3",13.9,"44,760.5",0.9,"85,252.8",1.7,"177,036.0",3.5,"10,174.3",0.2,158.6,0.003134106
Nov 2004,"1,020,009.3",20.2,"716,081.9",14.2,"43,634.6",0.9,"92,487.6",1.8,"158,660.0",3.1,"9,145.2",0.2,200.2,0.003956167
Dic 2004,"993,133.3",19.6,"727,597.5",14.4,"46,264.5",0.9,"103,555.9",2.0,"106,352.2",2.1,"9,363.2",0.2,471.8,0.009323274
Ene 2005,"996,677.6",19.7,"733,898.3",14.5,"45,194.7",0.9,"101,447.1",2.0,"106,625.7",2.1,"9,511.8",0.2,253.5,0.005009432
Feb 2005,"1,003,977.8",19.8,"738,137.1",14.6,"47,733.1",0.9,"101,667.1",2.0,"106,581.0",2.1,"9,859.5",0.2,405.5,0.008013115
Mar 2005,"1,016,608.5",20.1,"744,521.0",14.7,"48,635.5",1.0,"105,164.8",2.1,"109,353.0",2.2,"8,934.2",0.2,616.6,0.012184678
Abr 2005,"1,038,175.5",20.5,"763,970.2",15.1,"52,286.8",1.0,"104,502.3",2.1,"108,163.2",2.1,"9,253.0",0.2,813.6,0.016077609
May 2005,"1,055,922.4",20.9,"774,213.1",15.3,"54,435.2",1.1,"106,948.2",2.1,"113,488.4",2.2,"6,837.5",0.1,703.3,0.013897963
Jun 2005,"1,051,760.0",20.8,"776,259.6",15.3,"54,106.5",1.1,"106,460.8",2.1,"109,466.5",2.2,"5,466.6",0.1,774.7,0.015308903
Jul 2005,"1,059,833.7",20.9,"782,276.1",15.5,"53,634.2",1.1,"107,595.3",2.1,"109,729.9",2.2,"6,598.2",0.1,679.0,0.013417769
Ago 2005,"1,067,878.0",21.1,"783,518.8",15.5,"55,273.9",1.1,"112,021.6",2.2,"109,583.3",2.2,"7,480.4",0.1,644.3,0.012732059
Sep 2005,"1,066,928.7",21.1,"781,227.2",15.4,"57,173.5",1.1,"103,922.6",2.1,"116,557.3",2.3,"8,048.1",0.2,614.6,0.012145156
Oct 2005,"1,087,193.9",21.5,"800,468.8",15.8,"56,988.5",1.1,"101,461.0",2.0,"118,982.4",2.4,"9,293.2",0.2,567.5,0.011214409
Nov 2005,"1,107,617.1",21.9,"826,263.3",16.3,"60,090.7",1.2,"99,909.5",2.0,"113,116.3",2.2,"8,237.3",0.2,902.7,0.017838321
Dic 2005,"1,146,274.4",22.7,"860,228.5",17.0,"62,014.6",1.2,"102,862.5",2.0,"112,919.8",2.2,"8,249.0",0.2,958.2,0.01893506
Ene 2006,"1,153,427.2",22.8,"870,167.7",17.2,"59,549.1",1.2,"102,934.4",2.0,"113,026.4",2.2,"7,749.6",0.2,"1,017.1",0.020098988
Feb 2006,"1,170,243.5",23.1,"890,315.5",17.6,"58,640.3",1.2,"100,830.6",2.0,"112,858.2",2.2,"7,598.9",0.2,"1,006.5",0.01988952
Mar 2006,"1,199,290.4",23.7,"913,508.8",18.1,"59,892.4",1.2,"101,756.4",2.0,"113,294.4",2.2,"10,838.4",0.2,"1,078.9",0.021320222
Abr 2006,"1,228,140.1",24.3,"945,764.7",18.7,"61,863.5",1.2,"97,718.7",1.9,"113,236.1",2.2,"9,557.1",0.2,"1,097.3",0.021683826
May 2006,"1,241,060.8",24.5,"961,475.1",19.0,"61,330.2",1.2,"99,758.9",2.0,"109,993.8",2.2,"8,502.8",0.2,"1,638.3",0.032374566
Jun 2006,"1,246,384.6",24.6,"977,228.4",19.3,"54,886.1",1.1,"96,698.0",1.9,"109,780.1",2.2,"7,792.0",0.2,"2,243.6",0.044335944
Jul 2006,"1,257,416.8",24.8,"990,634.9",19.6,"54,982.8",1.1,"95,766.6",1.9,"108,919.1",2.2,"7,113.4",0.1,"1,898.2",0.037510469
Ago 2006,"1,258,899.9",24.9,"1,008,071.9",19.9,"56,074.8",1.1,"95,834.5",1.9,"92,016.1",1.8,"6,902.6",0.1,"1,601.9",0.031655263
Sep 2006,"1,284,114.9",25.4,"1,042,630.3",20.6,"55,445.6",1.1,"96,703.3",1.9,"82,982.9",1.6,"6,352.8",0.1,"1,646.8",0.032542535
Oct 2006,"1,303,573.6",25.8,"1,072,553.7",21.2,"55,920.2",1.1,"93,786.2",1.9,"73,913.9",1.5,"7,399.6",0.1,"1,775.9",0.03509369
Nov 2006,"1,338,026.2",26.4,"1,099,999.6",21.7,"61,433.2",1.2,"96,845.3",1.9,"71,154.5",1.4,"8,593.6",0.2,"1,874.9",0.037050036
Dic 2006,"1,371,969.9",27.1,"1,134,434.4",22.4,"60,671.3",1.2,"94,721.0",1.9,"70,919.3",1.4,"11,223.9",0.2,"2,399.2",0.047410767
Ene 2007,"1,374,245.8",27.2,"1,130,413.6",22.3,"60,733.9",1.2,"99,009.3",2.0,"71,120.1",1.4,"12,968.9",0.3,"2,248.3",0.044428821
Feb 2007,"1,410,070.8",27.9,"1,166,441.2",23.1,"60,577.7",1.2,"97,988.9",1.9,"71,049.3",1.4,"14,013.7",0.3,"2,094.7",0.04139352
Mar 2007,"1,438,934.2",28.4,"1,191,187.8",23.5,"64,016.5",1.3,"98,218.0",1.9,"69,842.2",1.4,"15,669.7",0.3,"2,663.0",0.052623738
Abr 2007,"1,464,389.2",28.9,"1,215,466.2",24.0,"64,267.7",1.3,"101,177.5",2.0,"68,752.6",1.4,"14,725.2",0.3,"2,763.1",0.054601821
May 2007,"1,485,028.0",29.3,"1,238,584.4",24.5,"64,376.9",1.3,"98,562.6",1.9,"68,601.7",1.4,"14,902.4",0.3,"2,115.0",0.04179467
Jun 2007,"1,523,949.6",30.1,"1,274,042.2",25.2,"65,508.4",1.3,"101,255.2",2.0,"68,659.9",1.4,"14,483.9",0.3,"2,371.1",0.046855481
Jul 2007,"1,551,111.3",30.7,"1,297,758.9",25.6,"59,791.0",1.2,"102,719.2",2.0,"68,750.2",1.4,"22,092.0",0.4,"1,926.0",0.038059827
Ago 2007,"1,599,193.0",31.6,"1,341,780.4",26.5,"67,913.8",1.3,"100,838.4",2.0,"68,654.4",1.4,"20,006.0",0.4,"1,998.4",0.039490529
Sep 2007,"1,629,774.0",32.2,"1,377,411.6",27.2,"68,500.0",1.4,"96,246.9",1.9,"68,629.1",1.4,"18,986.4",0.4,"1,364.2",0.026958056
Oct 2007,"1,672,209.1",33.0,"1,415,103.5",28.0,"69,179.0",1.4,"97,073.4",1.9,"68,686.7",1.4,"22,166.5",0.4,"1,137.2",0.022472292
Nov 2007,"1,703,563.9",33.7,"1,446,137.7",28.6,"69,538.7",1.4,"97,343.9",1.9,"65,830.5",1.3,"24,713.1",0.5,"1,141.4",0.022555289
Dic 2007,"1,717,512.4",33.9,"1,459,259.4",28.8,"72,908.9",1.4,"105,799.8",2.1,"62,564.9",1.2,"16,979.4",0.3,"1,736.3",0.034311151
Ene 2008,"1,738,998.0",34.4,"1,481,714.7",29.3,"69,831.4",1.4,"108,762.3",2.1,"61,546.6",1.2,"17,143.0",0.3,"1,472.1",0.029090276
Feb 2008,"1,755,240.7",34.7,"1,501,055.0",29.7,"70,266.3",1.4,"108,636.8",2.1,"53,476.8",1.1,"21,805.8",0.4,"1,651.9",0.032643317
Mar 2008,"1,763,321.1",34.8,"1,423,986.3",28.1,"141,683.1",2.8,"124,814.1",2.5,"50,470.6",1.0,"22,366.9",0.4,"1,552.6",0.030681042
Abr 2008,"1,781,303.2",35.2,"1,447,221.6",28.6,"141,495.6",2.8,"123,036.2",2.4,"45,962.0",0.9,"23,587.9",0.5,"1,722.7",0.034042401
May 2008,"1,814,594.5",35.9,"1,459,201.5",28.8,"145,625.0",2.9,"134,037.1",2.6,"43,888.6",0.9,"31,842.2",0.6,"1,862.7",0.036808951
Jun 2008,"1,818,978.0",35.9,"1,464,423.5",28.9,"145,246.5",2.9,"136,592.0",2.7,"38,020.5",0.8,"34,695.4",0.7,"2,176.8",0.043015904
Jul 2008,"1,833,833.6",36.2,"1,478,073.5",29.2,"145,529.2",2.9,"139,103.5",2.7,"31,536.9",0.6,"39,590.5",0.8,"2,005.9",0.039638737
Ago 2008,"1,859,324.2",36.7,"1,499,712.3",29.6,"147,601.8",2.9,"142,238.7",2.8,"31,636.9",0.6,"38,134.4",0.8,"1,679.5",0.033188722
Sep 2008,"1,863,223.3",36.8,"1,460,998.0",28.9,"190,637.2",3.8,"141,161.2",2.8,"30,874.4",0.6,"39,552.6",0.8,"1,839.9",0.036358399
Oct 2008,"1,907,632.3",37.7,"1,517,205.3",30.0,"186,144.6",3.7,"147,186.5",2.9,"22,322.3",0.4,"34,773.6",0.7,"2,166.3",0.042808413
Nov 2008,"1,921,453.1",38.0,"1,538,926.0",30.4,"181,311.3",3.6,"142,010.8",2.8,"22,401.6",0.4,"36,803.4",0.7,"1,993.6",0.039395676
Dic 2008,"1,883,580.7",37.2,"1,522,956.4",30.1,"167,375.2",3.3,"132,990.3",2.6,"20,824.1",0.4,"39,434.7",0.8,"1,715.9",0.033908026
Ene 2009,"1,902,817.0",37.6,"1,547,746.6",30.6,"162,411.3",3.2,"135,501.5",2.7,"20,880.0",0.4,"36,277.6",0.7,"1,430.1",0.028260311
Feb 2009,"1,903,142.0",37.6,"1,549,619.9",30.6,"159,662.5",3.2,"136,781.8",2.7,"20,943.9",0.4,"36,133.9",0.7,"1,605.6",0.031728379
Mar 2009,"1,873,559.8",37.0,"1,526,916.6",30.2,"153,846.3",3.0,"135,773.4",2.7,"20,414.8",0.4,"36,608.6",0.7,"1,673.0",0.033060275
Abr 2009,"1,863,206.5",36.8,"1,519,084.6",30.0,"153,272.5",3.0,"135,716.2",2.7,"20,419.0",0.4,"34,714.2",0.7,"1,863.0",0.036814879
May 2009,"1,850,380.0",36.6,"1,509,172.4",29.8,"150,337.1",3.0,"138,858.2",2.7,"20,420.2",0.4,"31,592.1",0.6,"1,777.0",0.035115427
Jun 2009,"1,853,551.2",36.6,"1,499,612.8",29.6,"148,894.8",2.9,"147,714.9",2.9,"24,918.4",0.5,"32,410.3",0.6,"1,780.8",0.035190519
Jul 2009,"1,867,391.2",36.9,"1,503,101.9",29.7,"146,626.2",2.9,"160,510.8",3.2,"24,960.6",0.5,"32,191.6",0.6,"1,380.6",0.027282138
Ago 2009,"1,851,298.9",36.6,"1,486,873.1",29.4,"140,451.3",2.8,"165,441.4",3.3,"25,007.5",0.5,"33,525.6",0.7,844.8,0.016694155
Sep 2009,"1,890,559.6",37.4,"1,503,122.0",29.7,"138,692.1",2.7,"188,854.2",3.7,"24,636.6",0.5,"35,254.7",0.7,799.7,0.01580293
Oct 2009,"1,898,035.0",37.5,"1,500,911.5",29.7,"127,902.2",2.5,"212,507.0",4.2,"23,148.2",0.5,"33,566.1",0.7,768.9,0.015194289
Nov 2009,"1,915,995.0",37.9,"1,493,259.9",29.5,"140,850.2",2.8,"223,342.6",4.4,"22,761.2",0.4,"35,781.1",0.7,763.1,0.015079675
Dic 2009,"1,957,629.8",38.7,"1,503,854.6",29.7,"140,700.4",2.8,"256,755.8",5.1,"12,550.3",0.2,"43,768.7",0.9,"1,235.9",0.02442271
Ene 2010,"1,959,690.9",38.7,"1,501,071.5",29.7,"136,200.3",2.7,"265,050.4",5.2,"12,773.1",0.3,"44,595.6",0.9,577.7,0.011415972
Feb 2010,"1,956,946.9",38.7,"1,505,485.3",29.8,"134,651.4",2.7,"262,997.4",5.2,"12,788.3",0.3,"41,024.4",0.8,911.9,0.018020123
Mar 2010,"1,955,013.4",38.6,"1,503,741.1",29.7,"132,377.4",2.6,"261,879.0",5.2,"12,614.5",0.2,"44,401.5",0.9,"1,083.2",0.021405195
Abr 2010,"1,952,943.1",38.6,"1,505,909.9",29.8,"131,744.7",2.6,"259,665.9",5.1,"12,586.1",0.2,"43,036.6",0.9,969.1,0.019150456
May 2010,"1,988,856.8",39.3,"1,525,815.5",30.2,"130,049.9",2.6,"268,644.6",5.3,"12,308.8",0.2,"52,038.0",1.0,886.3,0.017514239
Jun 2010,"2,001,230.0",39.5,"1,536,268.5",30.4,"126,898.3",2.5,"274,820.0",5.4,"12,276.3",0.2,"50,966.9",1.0,"1,213.0",0.023970182
Jul 2010,"2,011,092.9",39.7,"1,535,664.9",30.3,"126,808.4",2.5,"284,763.6",5.6,"12,290.5",0.2,"51,565.6",1.0,"1,227.3",0.024252765
Ago 2010,"2,029,913.0",40.1,"1,556,066.8",30.7,"125,225.8",2.5,"283,210.4",5.6,"11,973.9",0.2,"53,436.2",1.1,"1,200.5",0.023723168
Sep 2010,"2,053,251.4",40.6,"1,579,522.2",31.2,"126,253.8",2.5,"285,382.7",5.6,"12,002.8",0.2,"50,089.9",1.0,"1,285.9",0.025410764
Oct 2010,"2,070,201.4",40.9,"1,603,289.6",31.7,"125,596.5",2.5,"278,021.5",5.5,"12,016.6",0.2,"51,277.1",1.0,937.8,0.018531934
Nov 2010,"2,098,611.3",41.5,"1,626,395.4",32.1,"127,726.9",2.5,"282,958.2",5.6,"11,702.9",0.2,"49,827.9",1.0,"1,003.8",0.019836165
Dic 2010,"2,125,524.7",42.0,"1,645,961.7",32.5,"124,779.7",2.5,"294,844.3",5.8,"11,323.3",0.2,"48,615.7",1.0,"1,592.4",0.031467533
Ene 2011,"2,116,837.7",41.8,"1,656,923.8",32.7,"111,889.4",2.2,"287,504.8",5.7,"13,835.9",0.3,"46,683.8",0.9,"1,367.3",0.027019315
Feb 2011,"2,152,721.9",42.5,"1,677,196.3",33.1,"110,145.0",2.2,"304,116.8",6.0,"13,525.1",0.3,"47,738.7",0.9,"1,358.6",0.026847394
Mar 2011,"2,173,050.2",42.9,"1,703,111.1",33.7,"109,096.6",2.2,"302,173.7",6.0,"13,489.1",0.3,"45,179.7",0.9,"2,809.6",0.055520711
Abr 2011,"2,210,892.6",43.7,"1,707,607.3",33.7,"133,567.3",2.6,"310,818.7",6.1,"13,502.9",0.3,"45,396.4",0.9,"2,782.8",0.054991115
May 2011,"2,224,558.7",44.0,"1,724,683.9",34.1,"131,514.0",2.6,"307,369.6",6.1,"13,192.0",0.3,"47,799.2",0.9,"3,005.3",0.059387953
Jun 2011,"2,224,265.3",44.0,"1,737,862.6",34.3,"129,172.4",2.6,"289,891.8",5.7,"13,151.2",0.3,"54,187.2",1.1,"2,842.7",0.056174803
Jul 2011,"2,250,926.9",44.5,"1,762,720.6",34.8,"131,925.1",2.6,"291,006.0",5.8,"13,166.0",0.3,"52,109.2",1.0,"3,068.2",0.060630925
Ago 2011,"2,278,301.6",45.0,"1,783,340.3",35.2,"133,745.2",2.6,"300,566.0",5.9,"12,855.5",0.3,"47,794.6",0.9,"2,993.6",0.059156749
Sep 2011,"2,335,001.5",46.1,"1,829,522.7",36.2,"135,742.8",2.7,"300,798.2",5.9,"12,814.8",0.3,"56,123.0",1.1,"2,751.0",0.054362712
Oct 2011,"2,334,484.6",46.1,"1,834,775.7",36.3,"134,095.3",2.6,"302,763.8",6.0,"12,825.3",0.3,"50,024.5",1.0,"3,242.8",0.064081208
Nov 2011,"2,391,790.9",47.3,"1,876,037.2",37.1,"144,182.0",2.8,"309,353.6",6.1,"12,520.1",0.2,"49,698.0",1.0,"3,332.6",0.065855753
Dic 2011,"2,461,500.4",48.6,"1,912,494.6",37.8,"167,929.0",3.3,"323,437.6",6.4,"9,362.3",0.2,"48,276.9",1.0,"1,725.5",0.034097732
Ene 2012,"2,450,079.2",48.4,"1,901,163.9",37.6,"166,507.7",3.3,"327,361.0",6.5,"9,364.3",0.2,"45,682.3",0.9,"1,395.9",0.027584482
Feb 2012,"2,449,153.7",48.4,"1,904,650.4",37.6,"165,129.5",3.3,"324,586.3",6.4,"9,201.6",0.2,"45,585.9",0.9,"1,338.1",0.026442292
Mar 2012,"2,490,260.7",49.2,"1,930,664.8",38.2,"168,543.4",3.3,"333,830.5",6.6,"8,985.6",0.2,"48,236.3",1.0,826.0,0.016322646
Abr 2012,"2,499,637.5",49.4,"1,928,785.1",38.1,"179,479.4",3.5,"334,094.7",6.6,"8,989.0",0.2,"48,289.5",1.0,"1,472.3",0.029094228
May 2012,"2,552,344.8",50.4,"1,979,504.0",39.1,"180,136.2",3.6,"336,504.4",6.6,"8,681.2",0.2,"47,519.0",0.9,"2,570.2",0.05078991
Jun 2012,"2,570,622.5",50.8,"1,989,286.3",39.3,"183,979.0",3.6,"349,226.1",6.9,"8,648.7",0.2,"39,482.4",0.8,"2,798.3",0.055297411
Jul 2012,"2,584,779.6",51.1,"2,002,157.3",39.6,"185,760.4",3.7,"348,486.3",6.9,"8,651.0",0.2,"39,724.6",0.8,"2,602.1",0.051420289
Ago 2012,"2,611,144.1",51.6,"2,014,584.8",39.8,"193,305.3",3.8,"353,608.8",7.0,"8,345.2",0.2,"41,300.0",0.8,"2,142.6",0.042340075
Sep 2012,"2,638,790.5",52.1,"2,036,629.8",40.2,"198,575.8",3.9,"356,616.5",7.0,"8,312.2",0.2,"38,656.2",0.8,"2,422.5",0.0478712
Oct 2012,"2,651,598.1",52.4,"2,047,379.0",40.5,"200,001.9",4.0,"358,759.6",7.1,"8,313.8",0.2,"37,143.7",0.7,"2,679.2",0.052943867
Nov 2012,"2,704,824.1",53.5,"2,080,202.6",41.1,"214,973.1",4.2,"364,797.5",7.2,"8,308.8",0.2,"36,542.1",0.7,"1,984.0",0.039205969
Dic 2012,"2,753,563.1",54.4,"2,100,727.8",41.5,"227,623.2",4.5,"383,380.3",7.6,"8,043.5",0.2,"33,788.3",0.7,"2,129.9",0.04208911
Ene 2013,"2,749,289.3",54.3,"2,102,753.8",41.6,"224,257.1",4.4,"377,263.4",7.5,"8,039.5",0.2,"36,975.4",0.7,"1,413.1",0.027924373
Feb 2013,"2,757,871.0",54.5,"2,113,139.3",41.8,"223,900.8",4.4,"380,544.8",7.5,"8,039.6",0.2,"32,246.4",0.6,"2,120.7",0.041907308
Mar 2013,"2,765,605.7",54.7,"2,118,774.5",41.9,"227,672.7",4.5,"381,131.1",7.5,"8,049.6",0.2,"29,977.9",0.6,"2,895.4",0.057216211
Abr 2013,"2,780,432.3",54.9,"2,136,986.2",42.2,"230,690.3",4.6,"378,598.8",7.5,"8,043.5",0.2,"26,113.5",0.5,"2,633.6",0.052042762
May 2013,"2,816,764.1",55.7,"2,165,561.3",42.8,"235,432.6",4.7,"379,035.2",7.5,"6,038.8",0.1,"30,696.1",0.6,"3,144.8",0.062144623
Jun 2013,"2,837,711.9",56.1,"2,174,878.1",43.0,"242,247.7",4.8,"382,147.0",7.6,"4,036.1",0.1,"34,403.0",0.7,"3,570.9",0.070564816
Jul 2013,"2,852,000.2",56.4,"2,197,484.5",43.4,"241,601.0",4.8,"378,937.7",7.5,"4,037.6",0.1,"29,939.3",0.6,"4,312.0",0.085209748
Ago 2013,"2,900,015.3",57.3,"2,230,163.8",44.1,"243,400.2",4.8,"383,627.9",7.6,"4,004.9",0.1,"38,818.5",0.8,"2,656.1",0.052487387
Sep 2013,"2,903,042.6",57.4,"2,239,187.9",44.2,"246,338.7",4.9,"382,639.8",7.6,"4,005.8",0.1,"30,870.4",0.6,"2,612.9",0.051633708
Oct 2013,"2,942,583.8",58.1,"2,261,458.4",44.7,"246,066.2",4.9,"393,695.8",7.8,"4,006.6",0.1,"37,356.8",0.7,"1,978.9",0.039105188
Nov 2013,"2,986,002.3",59.0,"2,305,386.5",45.6,"242,349.7",4.8,"393,519.4",7.8,"2,005.3",0.0,"42,741.4",0.8,"2,957.1",0.05843547
Dic 2013,"3,006,688.7",59.4,"2,321,104.8",45.9,"253,339.5",5.0,"402,922.9",8.0,0.0,0.0,"29,321.6",0.6,"3,584.3",0.070829615
Ene 2014,"2,993,077.2",59.1,"2,312,827.4",45.7,"246,322.4",4.9,"401,571.6",7.9,0.0,0.0,"32,355.7",0.6,"3,835.4",0.07579162
Feb 2014,"2,994,552.7",59.2,"2,313,517.6",45.7,"246,330.1",4.9,"403,242.6",8.0,0.0,0.0,"31,462.4",0.6,"3,883.6",0.076744104
Mar 2014,"3,012,587.5",59.5,"2,321,503.0",45.9,"247,614.1",4.9,"408,379.2",8.1,0.0,0.0,"35,091.2",0.7,"2,648.9",0.052345107
Abr 2014,"3,015,071.8",59.6,"2,335,148.0",46.1,"247,277.1",4.9,"400,596.9",7.9,0.0,0.0,"32,049.9",0.6,"2,861.7",0.056550263
May 2014,"3,067,256.8",60.6,"2,376,121.6",47.0,"246,263.1",4.9,"413,548.8",8.2,0.0,0.0,"31,323.3",0.6,"2,469.6",0.048801946
Jun 2014,"3,077,402.1",60.8,"2,377,230.3",47.0,"254,001.0",5.0,"411,769.4",8.1,0.0,0.0,"34,401.4",0.7,"1,207.9",0.0238694
Jul 2014,"3,096,078.1",61.2,"2,386,813.4",47.2,"249,703.3",4.9,"426,698.6",8.4,0.0,0.0,"32,862.8",0.6,"1,138.2",0.022492054
Ago 2014,"3,113,199.9",61.5,"2,405,206.3",47.5,"244,051.1",4.8,"431,365.2",8.5,0.0,0.0,"32,577.3",0.6,866.6,0.017124946
Sep 2014,"3,124,543.6",61.7,"2,413,903.5",47.7,"246,308.9",4.9,"429,931.0",8.5,0.0,0.0,"34,400.1",0.7,"1,335.1",0.026383009
Oct 2014,"3,150,010.1",62.2,"2,435,720.4",48.1,"241,595.5",4.8,"436,638.6",8.6,0.0,0.0,"36,055.6",0.7,"1,143.2",0.022590859
Nov 2014,"3,235,859.0",63.9,"2,470,314.1",48.8,"255,773.5",5.1,"471,171.1",9.3,0.0,0.0,"38,600.4",0.8,630.3,0.012455404
Dic 2014,"3,299,746.2",65.2,"2,495,243.1",49.3,"260,458.0",5.1,"501,714.8",9.9,0.0,0.0,"42,330.3",0.8,"1,031.6",0.020385523
Ene 2015,"3,323,816.5",65.7,"2,514,595.1",49.7,"252,573.7",5.0,"515,314.3",10.2,0.0,0.0,"41,333.4",0.8,"1,253.6",0.024772481
Feb 2015,"3,312,231.9",65.5,"2,511,249.7",49.6,"244,905.4",4.8,"513,961.5",10.2,0.0,0.0,"42,115.3",0.8,"1,628.6",0.032182884
Mar 2015,"3,349,791.8",66.2,"2,551,123.3",50.4,"245,098.6",4.8,"510,865.0",10.1,0.2,0.0,"42,704.7",0.8,"1,312.7",0.025940361
Abr 2015,"3,387,580.0",66.9,"2,585,404.7",51.1,"247,924.3",4.9,"508,082.2",10.0,0.2,0.0,"46,168.6",0.9,"2,149.4",0.042474451
May 2015,"3,446,804.8",68.1,"2,618,001.8",51.7,"254,888.6",5.0,"508,684.3",10.1,0.2,0.0,"65,229.8",1.3,"2,180.2",0.043083092
Jun 2015,"3,430,825.8",67.8,"2,617,240.8",51.7,"253,794.6",5.0,"508,245.2",10.0,0.0,0.0,"51,545.2",1.0,"2,242.5",0.044314207
Jul 2015,"3,467,571.4",68.5,"2,638,269.0",52.1,"254,857.6",5.0,"528,509.2",10.4,0.0,0.0,"45,935.6",0.9,"1,912.2",0.037787124
Ago 2015,"3,518,125.2",69.5,"2,678,349.3",52.9,"259,893.2",5.1,"532,609.3",10.5,0.0,0.0,"47,273.4",0.9,"1,791.0",0.035392082
Sep 2015,"3,576,826.3",70.7,"2,737,880.5",54.1,"253,752.2",5.0,"536,136.0",10.6,0.0,0.0,"49,057.6",1.0,932.3,0.018423249
Oct 2015,"3,577,135.9",70.7,"2,757,940.4",54.5,"249,413.5",4.9,"524,500.1",10.4,0.0,0.0,"45,281.9",0.9,972.8,0.019223572
Nov 2015,"3,637,701.3",71.9,"2,792,209.8",55.2,"269,682.6",5.3,"526,639.9",10.4,0.0,0.0,"49,169.0",1.0,797.6,0.015761432
Dic 2015,"3,748,640.8",74.1,"2,845,968.8",56.2,"295,040.0",5.8,"556,415.6",11.0,0.0,0.0,"51,216.4",1.0,"2,144.2",0.042371693
Ene 2016,"3,794,778.2",75.0,"2,901,760.7",57.3,"286,795.6",5.7,"555,464.9",11.0,0.0,0.0,"50,757.1",1.0,"1,886.8",0.037285193
Feb 2016,"3,793,089.2",75.0,"2,910,584.8",57.5,"272,500.9",5.4,"559,867.8",11.1,0.0,0.0,"50,135.6",1.0,"1,634.7",0.032303426
Mar 2016,"3,792,965.7",75.0,"2,891,217.6",57.1,"289,630.7",5.7,"561,477.9",11.1,0.0,0.0,"50,639.4",1.0,"1,768.5",0.034947458
Abr 2016,"3,813,480.0",75.4,"2,912,237.2",57.5,"290,970.4",5.7,"559,336.9",11.1,0.0,0.0,"50,935.5",1.0,"1,539.8",0.030428101
May 2016,"3,865,822.2",76.4,"2,991,103.8",59.1,"269,218.8",5.3,"552,935.5",10.9,0.0,0.0,"52,564.1",1.0,"2,994.8",0.059180462
Jun 2016,"3,948,942.0",78.0,"3,036,143.8",60.0,"275,998.7",5.5,"581,254.2",11.5,0.0,0.0,"55,545.2",1.1,"3,132.4",0.061899586
Jul 2016,"3,986,387.3",78.8,"3,090,301.5",61.1,"270,928.3",5.4,"570,861.1",11.3,0.0,0.0,"54,296.3",1.1,"3,369.3",0.066580984
Ago 2016,"3,993,594.0",78.9,"3,112,665.9",61.5,"264,031.4",5.2,"560,649.2",11.1,0.0,0.0,"56,247.6",1.1,"2,978.1",0.058850452
Sep 2016,"4,059,743.1",80.2,"3,162,884.3",62.5,"259,648.6",5.1,"568,016.8",11.2,0.0,0.0,"69,193.4",1.4,"3,091.1",0.061083453
Oct 2016,"4,062,667.2",80.3,"3,180,600.3",62.9,"258,586.7",5.1,"554,971.9",11.0,0.0,0.0,"68,508.3",1.4,"2,627.1",0.051914315
Nov 2016,"4,162,390.9",82.3,"3,282,697.4",64.9,"265,715.0",5.3,"546,573.3",10.8,0.0,0.0,"67,405.2",1.3,"2,486.5",0.049135909
Dic 2016,"4,232,970.1",83.6,"3,276,514.3",64.7,"285,369.7",5.6,"591,752.5",11.7,0.0,0.0,"79,333.5",1.6,"4,689.2",0.092663625
Ene 2017,"4,233,038.9",83.6,"3,279,639.7",64.8,"279,730.0",5.5,"590,249.3",11.7,0.0,0.0,"83,419.9",1.6,"5,296.8",0.104670453
Feb 2017,"4,236,874.6",83.7,"3,294,594.5",65.1,"278,408.4",5.5,"587,543.6",11.6,0.0,0.0,"76,328.1",1.5,"4,229.5",0.083579459
Mar 2017,"4,259,592.9",84.2,"3,335,259.9",65.9,"295,189.5",5.8,"557,505.1",11.0,0.0,0.0,"71,638.4",1.4,"4,874.3",0.096321399
Abr 2017,"4,313,919.9",85.2,"3,382,159.3",66.8,"302,729.2",6.0,"557,901.4",11.0,0.1,0.0,"71,129.9",1.4,"4,597.7",0.090855486
May 2017,"4,325,048.2",85.5,"3,399,487.2",67.2,"302,895.9",6.0,"550,069.3",10.9,0.1,0.0,"72,595.7",1.4,"4,697.9",0.092835546
Jun 2017,"4,361,993.3",86.2,"3,435,837.3",67.9,"298,211.0",5.9,"550,938.7",10.9,0.0,0.0,"77,006.3",1.5,"5,043.3",0.099661021
Jul 2017,"4,387,800.9",86.7,"3,466,873.0",68.5,"299,277.6",5.9,"550,720.6",10.9,0.0,0.0,"70,929.7",1.4,"4,476.5",0.088460444
Ago 2017,"4,431,551.4",87.6,"3,507,109.8",69.3,"301,684.6",6.0,"550,273.2",10.9,0.1,0.0,"72,483.7",1.4,"4,645.2",0.091794137
Sep 2017,"4,462,840.9",88.2,"3,527,507.0",69.7,"299,683.8",5.9,"557,322.3",11.0,0.0,0.0,"78,327.8",1.5,"6,201.8",0.122554224
Oct 2017,"4,489,299.6",88.7,"3,576,444.8",70.7,"289,273.3",5.7,"544,101.1",10.8,0.0,0.0,"79,480.4",1.6,"4,813.5",0.095119926
Nov 2017,"4,536,743.8",89.7,"3,614,472.9",71.4,"303,210.9",6.0,"535,846.6",10.6,0.0,0.0,"83,213.4",1.6,"5,969.2",0.117957798
Dic 2017,"4,626,388.8",91.4,"3,670,486.6",72.5,"311,296.2",6.2,"557,345.1",11.0,0.0,0.0,"87,260.9",1.7,"6,597.5",0.130373681
Ene 2018,"4,632,618.8",91.5,"3,670,341.4",72.5,"299,109.8",5.9,"577,628.6",11.4,0.0,0.0,"85,539.0",1.7,"4,113.7",0.081291127
Feb 2018,"4,642,745.1",91.7,"3,701,441.0",73.1,"292,533.6",5.8,"561,494.5",11.1,0.0,0.0,"87,276.0",1.7,"3,716.2",0.0734361
Mar 2018,"4,654,973.2",92.0,"3,719,430.3",73.5,"294,282.5",5.8,"554,874.9",11.0,0.0,0.0,"86,385.5",1.7,"4,922.9",0.097281787
Abr 2018,"4,715,595.2",93.2,"3,769,050.6",74.5,"305,063.5",6.0,"552,162.4",10.9,0.0,0.0,"89,318.6",1.8,"2,976.7",0.058822787
May 2018,"4,803,959.5",94.9,"3,855,970.6",76.2,"306,485.9",6.1,"553,582.6",10.9,0.0,0.0,"87,920.4",1.7,"5,199.9",0.102755605
Jun 2018,"4,868,036.6",96.2,"3,899,992.7",77.1,"325,600.6",6.4,"546,496.7",10.8,0.0,0.0,"95,946.5",1.9,"2,282.3",0.045100697
Jul 2018,"4,859,550.8",96.0,"3,890,551.8",76.9,"322,454.6",6.4,"553,688.8",10.9,0.0,0.0,"92,855.5",1.8,"2,332.2",0.046086775
Ago 2018,"4,917,599.5",97.2,"3,935,893.0",77.8,"333,734.1",6.6,"551,773.0",10.9,0.0,0.0,"96,199.4",1.9,"1,677.7",0.033153153
Sep 2018,"4,945,571.6",97.7,"3,953,143.1",78.1,"344,079.5",6.8,"554,095.0",10.9,0.0,0.0,"94,254.0",1.9,"1,886.0",0.037269384
Oct 2018,"5,019,727.0",99.2,"4,011,684.1",79.3,"354,066.4",7.0,"551,279.1",10.9,0.0,0.0,"102,697.3",2.0,935.6,0.01848846
Nov 2018,"5,057,044.9",99.9,"4,059,594.6",80.2,"364,206.0",7.2,"536,827.7",10.6,0.0,0.0,"96,416.6",1.9,942.7,0.018628764
Dic 2018,"5,060,453.9",100.0,"4,050,052.7",80.0,"384,010.0",7.6,"537,448.7",10.6,0.0,0.0,"88,942.5",1.8,"1,017.3",0.02010294
Ene 2019,"5,063,854.0",100.1,"4,048,604.3",80.0,"365,049.7",7.2,"562,608.5",11.1,0.0,0.0,"87,591.6",1.7,956.7,0.018905419
Feb 2019,"5,086,156.5",100.5,"4,084,399.6",80.7,"365,720.7",7.2,"550,693.2",10.9,3.5,0.0,"85,339.5",1.7,"1,060.8",0.020962546
Mar 2019,"5,130,353.3",101.4,"4,150,320.9",82.0,"356,426.6",7.0,"530,385.6",10.5,8.6,0.0,"93,211.7",1.8,"1,141.5",0.022557265
Abr 2019,"5,163,265.4",102.0,"4,179,471.1",82.6,"353,785.0",7.0,"534,561.2",10.6,0.0,0.0,"95,448.2",1.9,"1,118.6",0.022104736
May 2019,"5,204,314.2",102.8,"4,225,174.6",83.5,"350,508.4",6.9,"532,697.7",10.5,0.0,0.0,"95,933.6",1.9,"1,368.0",0.027033148
Jun 2019,"5,230,743.8",103.4,"4,247,809.5",83.9,"352,168.5",7.0,"537,230.7",10.6,6.1,0.0,"93,529.1",1.8,"1,376.8",0.027207046
Jul 2019,"5,221,667.8",103.2,"4,248,640.6",84.0,"351,124.4",6.9,"529,544.6",10.5,1.7,0.0,"92,356.4",1.8,"1,086.6",0.021472382
Ago 2019,"5,298,142.3",104.7,"4,309,382.5",85.2,"351,335.5",6.9,"536,975.8",10.6,0.0,0.0,"100,448.6",2.0,"1,107.5",0.021885389
Sep 2019,"5,219,240.6",103.1,"4,277,160.4",84.5,"358,285.6",7.1,"493,432.8",9.8,0.0,0.0,"90,361.7",1.8,"1,277.3",0.025240819
Oct 2019,"5,208,801.2",102.9,"4,273,577.8",84.5,"351,020.1",6.9,"499,967.3",9.9,0.0,0.0,"84,236.0",1.7,"1,668.7",0.032975303
Nov 2019,"5,292,506.2",104.6,"4,325,858.6",85.5,"370,423.9",7.3,"515,910.4",10.2,0.0,0.0,"80,313.3",1.6,"1,758.3",0.034745895
Dic 2019,"5,307,309.9",104.9,"4,281,464.3",84.6,"381,248.3",7.5,"566,106.9",11.2,0.0,0.0,"78,490.4",1.6,"1,533.9",0.03031151
Ene 2020,"5,302,077.2",104.8,"4,290,948.2",84.8,"365,499.7",7.2,"562,983.7",11.1,0.0,0.0,"82,645.6",1.6,"1,529.7",0.030228514
Feb 2020,"5,336,621.4",105.5,"4,333,357.0",85.6,"362,696.4",7.2,"552,511.5",10.9,0.0,0.0,"88,056.5",1.7,"1,746.3",0.034508762
Mar 2020,"5,666,680.8",112.0,"4,627,771.7",91.4,"371,995.3",7.4,"568,234.7",11.2,0.0,0.0,"98,679.1",2.0,"2,791.2",0.055157108
Abr 2020,"5,733,408.9",113.3,"4,698,104.0",92.8,"363,805.6",7.2,"565,227.0",11.2,0.0,0.0,"106,272.4",2.1,"2,808.4",0.055496998
May 2020,"5,623,053.1",111.1,"4,624,995.3",91.4,"351,051.1",6.9,"550,051.2",10.9,0.0,0.0,"96,955.5",1.9,"2,812.0",0.055568138
Jun 2020,"5,563,216.4",109.9,"4,578,287.4",90.5,"346,251.2",6.8,"545,010.2",10.8,0.0,0.0,"93,667.7",1.9,"2,858.2",0.056481099
Jul 2020,"5,469,247.7",108.1,"4,497,690.6",88.9,"336,593.1",6.7,"545,545.2",10.8,0.0,0.0,"89,418.7",1.8,"2,701.7",0.053388491
Ago 2020,"5,414,230.7",107.0,"4,458,289.9",88.1,"325,298.0",6.4,"545,681.7",10.8,0.0,0.0,"84,961.0",1.7,"2,667.1",0.052704758
Sep 2020,"5,381,645.1",106.3,"4,422,261.0",87.4,"322,607.0",6.4,"556,253.4",11.0,0.0,0.0,"80,523.7",1.6,"2,819.5",0.055716346
Oct 2020,"5,319,971.8",105.1,"4,428,683.8",87.5,"265,997.6",5.3,"548,069.0",10.8,0.0,0.0,"77,221.4",1.5,"2,735.8",0.054062344
Nov 2020,"5,253,794.2",103.8,"4,390,015.2",86.8,"277,050.0",5.5,"522,631.6",10.3,0.0,0.0,"64,097.4",1.3,"1,942.7",0.038389837
Dic 2020,"5,200,378.9",102.8,"4,330,419.3",85.6,"273,193.5",5.4,"534,108.5",10.6,0.0,0.0,"62,657.6",1.2,"1,841.3",0.036386064
Ene 2021,"5,245,642.3",103.7,"4,337,320.1",85.7,"262,503.1",5.2,"580,363.5",11.5,0.0,0.0,"65,455.7",1.3,"1,962.7",0.038785058
Feb 2021,"5,251,596.2",103.8,"4,345,926.6",85.9,"268,344.7",5.3,"577,543.8",11.4,0.0,0.0,"59,781.2",1.2,"1,907.0",0.037684367
Mar 2021,"5,255,914.6",103.9,"4,342,693.8",85.8,"263,556.8",5.2,"593,757.9",11.7,0.0,0.0,"55,906.1",1.1,"2,346.4",0.046367382
