value,group,percentage
624435.9,A,0.669225919
32885.3,B,0.035244122
80491.4,C,0.086264949
187250,D,0.200681212
8009.3,E,0.008583797
212.6,F,0.00022785
628582.8,A,0.672522674
32581.2,B,0.034858726
77823.4,C,0.083263495
187606.4,D,0.200720665
8070.3,E,0.008634439
267.5,F,0.000286199
632759.2,A,0.670098282
33803.6,B,0.035798348
81975,C,0.08681234
187752.1,D,0.19883134
7988.3,E,0.008459689
376.4,F,0.000398611
640980.8,A,0.673132432
34531.6,B,0.036263707
84120.1,C,0.088339569
184497.7,D,0.193752115
8105.6,E,0.008512177
111.5,F,0.000117093
648379.7,A,0.67613462
36903.8,B,0.038483526
82696.6,C,0.086236559
182824.7,D,0.190650801
8145.8,E,0.008494494
257.1,F,0.000268106
648857.5,A,0.675302972
40141.5,B,0.041777546
82601.5,C,0.085968088
181266.2,D,0.188654063
7972.4,E,0.008297331
333.1,F,0.000346676
653191.1,A,0.67712061
39649.6,B,0.041102154
82305.2,C,0.085320433
181253.8,D,0.187893992
8260.2,E,0.008562811
525.4,F,0.000544648
659296.4,A,0.676324492
40800.7,B,0.041854487
85766.8,C,0.087981957
180972.6,D,0.185646701
7986.1,E,0.008192362
100,F,0.000102583
676081.7,A,0.683732807
41373.6,B,0.041841818
82515.7,C,0.083449517
180536.7,D,0.182579805
8302.1,E,0.008396054
165.7,F,0.000167575
705854.3,A,0.689932116
44760.5,B,0.043750823
85252.8,C,0.083329725
177036,D,0.173042542
10174.3,E,0.009944795
158.6,F,0.000155022
716081.9,A,0.702034678
43634.6,B,0.04277863
92487.6,C,0.090673291
158660,D,0.155547601
9145.2,E,0.008965801
200.2,F,0.000196273
727597.5,A,0.732628238
46264.5,B,0.046584381
103555.9,C,0.104271904
106352.2,D,0.107087538
9363.2,E,0.009427939
471.8,F,0.000475062
733898.3,A,0.736344732
45194.7,B,0.045345355
101447.1,C,0.101785271
106625.7,D,0.106981134
9511.8,E,0.009543507
253.5,F,0.000254345
738137.1,A,0.735212571
47733.1,B,0.04754398
101667.1,C,0.101264291
106581,D,0.106158722
9859.5,E,0.009820436
405.5,F,0.000403893
744521,A,0.732357638
48635.5,B,0.047840934
105164.8,C,0.103446705
109353,D,0.107566482
8934.2,E,0.008788241
616.6,F,0.000606527
763970.2,A,0.735877701
52286.8,B,0.050364124
104502.3,C,0.100659571
108163.2,D,0.104185853
9253,E,0.008912751
813.6,F,0.000783683
774213.1,A,0.733210225
54435.2,B,0.051552273
106948.2,C,0.101284147
113488.4,D,0.107477974
6837.5,E,0.006475381
703.3,F,0.000666053
776259.6,A,0.738057732
54106.5,B,0.05144377
106460.8,C,0.101221571
109466.5,D,0.104079353
5466.6,E,0.005197574
774.7,F,0.000736575
782276.1,A,0.738112121
53634.2,B,0.050606241
107595.3,C,0.101520927
109729.9,D,0.103535017
6598.2,E,0.006225694
679,F,0.000640667
783518.8,A,0.733715649
55273.9,B,0.051760501
112021.6,C,0.104901122
109583.3,D,0.102617808
7480.4,E,0.00700492
644.3,F,0.000603346
781227.2,A,0.732220625
57173.5,B,0.053586992
103922.6,C,0.09740351
116557.3,D,0.109245632
8048.1,E,0.007543241
614.6,F,0.000576046
800468.8,A,0.736270503
56988.5,B,0.052417973
101461,C,0.093323739
118982.4,D,0.109439908
9293.2,E,0.008547877
567.5,F,0.000521986
826263.3,A,0.745982795
60090.7,B,0.054252232
99909.5,C,0.090202201
113116.3,D,0.102125816
8237.3,E,0.007436956
902.7,F,0.000814993
860228.5,A,0.750455999
62014.6,B,0.054101008
102862.5,C,0.089736367
112919.8,D,0.098510269
8249,E,0.007196357
958.2,F,0.000835925
870167.7,A,0.754419265
59549.1,B,0.051627966
102934.4,C,0.089242217
113026.4,D,0.097991794
7749.6,E,0.00671876
1017.1,F,0.000881807
890315.5,A,0.760795082
58640.3,B,0.050109486
100830.6,C,0.086162068
112858.2,D,0.096439929
7598.9,E,0.006493435
1006.5,F,0.000860077
913508.8,A,0.780614291
59892.4,B,0.049939864
101756.4,C,0.084847173
113294.4,D,0.094467862
10838.4,E,0.009037344
1078.9,F,0.000899615
945764.7,A,0.770078837
61863.5,B,0.050371696
97718.7,C,0.079566411
113236.1,D,0.092201289
9557.1,E,0.007781767
1097.3,F,0.000893465
961475.1,A,0.774720384
61330.2,B,0.049417563
99758.9,C,0.08038196
109993.8,D,0.088628857
8502.8,E,0.006851236
1638.3,F,0.00132008
977228.4,A,0.784050445
54886.1,B,0.044036247
96698,C,0.077582794
109780.1,D,0.088078832
7792,E,0.006251682
2243.6,F,0.001800086
990634.9,A,0.787833358
54982.8,B,0.04372679
95766.6,C,0.076161381
108919.1,D,0.086621318
7113.4,E,0.005657154
1898.2,F,0.001509603
1008071.9,A,0.8007562
56074.8,B,0.0445427
95834.5,C,0.076125592
92016.1,D,0.073092467
6902.6,E,0.005483041
1601.9,F,0.00127246
1042630.3,A,0.81194471
55445.6,B,0.043178068
96703.3,C,0.075307358
82982.9,D,0.064622644
6352.8,E,0.004947221
1646.8,F,0.00128244
1072553.7,A,0.82277955
55920.2,B,0.042897616
93786.2,C,0.071945458
73913.9,D,0.05670098
7399.6,E,0.005676396
1775.9,F,0.001362332
1099999.6,A,0.822106174
61433.2,B,0.045913301
96845.3,C,0.072379225
71154.5,D,0.053178705
8593.6,E,0.006422595
1874.9,F,0.001401243
1134434.4,A,0.826865371
60671.3,B,0.044222034
94721,C,0.069040144
70919.3,D,0.051691586
11223.9,E,0.008180865
2399.2,F,0.001748726
1130413.6,A,0.822570169
60733.9,B,0.04419435
99009.3,C,0.072046282
71120.1,D,0.051752096
12968.9,E,0.009437104
2248.3,F,0.001636025
1166441.2,A,0.827221725
60577.7,B,0.042960751
97988.9,C,0.069492184
71049.3,D,0.050387044
14013.7,E,0.009938295
2094.7,F,0.001485528
1191187.8,A,0.827826457
64016.5,B,0.044488831
98218,C,0.068257464
69842.2,D,0.048537452
15669.7,E,0.010889796
2663,F,0.001850675
1215466.2,A,0.830015818
64267.7,B,0.043887035
101177.5,C,0.069091946
68752.6,D,0.046949677
14725.2,E,0.010055523
2763.1,F,0.001886862
1238584.4,A,0.834047843
64376.9,B,0.04335063
98562.6,C,0.06637087
68601.7,D,0.04619556
14902.4,E,0.010035097
2115,F,0.001424216
1274042.2,A,0.836013343
65508.4,B,0.042985936
101255.2,C,0.066442617
68659.9,D,0.045053918
14483.9,E,0.009504186
2371.1,F,0.001555891
1297758.9,A,0.836663945
59791,B,0.038547202
102719.2,C,0.066222972
68750.2,D,0.044323189
22092,E,0.014242692
1926,F,0.00124169
1341780.4,A,0.839035939
67913.8,B,0.042467545
100838.4,C,0.063055804
68654.4,D,0.042930653
20006,E,0.01251006
1998.4,F,0.00124963
1377411.6,A,0.845154972
68500,B,0.042030367
96246.9,C,0.059055366
68629.1,D,0.042109581
18986.4,E,0.011649713
1364.2,F,0.000837049
1415103.5,A,0.846247936
69179,B,0.041369826
97073.4,C,0.058050994
68686.7,D,0.041075425
22166.5,E,0.013255818
1137.2,F,0.000680058
1446137.7,A,0.848889613
69538.7,B,0.040819543
97343.9,C,0.057141326
65830.5,D,0.038642812
24713.1,E,0.014506706
1141.4,F,0.000670007
1459259.4,A,0.849635438
72908.9,B,0.04245029
105799.8,C,0.061600603
62564.9,D,0.036427626
16979.4,E,0.009886042
1736.3,F,0.001010939
1481714.7,A,0.852050836
69831.4,B,0.040156113
108762.3,C,0.062543085
61546.6,D,0.03539199
17143,E,0.009857976
1472.1,F,0.000846522
1501055,A,0.855184705
70266.3,B,0.040032287
108636.8,C,0.061892822
53476.8,D,0.030466933
21805.8,E,0.012423253
1651.9,F,0.000941124
1423986.3,A,0.80755927
141683.1,B,0.080350142
124814.1,C,0.070783535
50470.6,D,0.028622467
22366.9,E,0.01268453
1552.6,F,0.000880498
1447221.6,A,0.812451019
141495.6,B,0.079433754
123036.2,C,0.069070891
45962,D,0.025802457
23587.9,E,0.013241934
1722.7,F,0.000967101
1459201.5,A,0.804147428
145625,B,0.080252089
134037.1,C,0.073866145
43888.6,D,0.02418645
31842.2,E,0.017547832
1862.7,F,0.00102651
1464423.5,A,0.80508038
145246.5,B,0.079850608
136592,C,0.075092717
38020.5,D,0.020902122
34695.4,E,0.019074117
2176.8,F,0.001196716
1478073.5,A,0.806001973
145529.2,B,0.079357909
139103.5,C,0.075853938
31536.9,D,0.017197253
39590.5,E,0.021588927
2005.9,F,0.001093829
1499712.3,A,0.806589997
147601.8,B,0.07938465
142238.7,C,0.076500214
31636.9,D,0.017015268
38134.4,E,0.020509817
1679.5,F,0.000903285
1460998,A,0.784123943
190637.2,B,0.102315809
141161.2,C,0.075761826
30874.4,D,0.016570424
39552.6,E,0.021228051
1839.9,F,0.000987482
1517205.3,A,0.795334248
186144.6,B,0.097578868
147186.5,C,0.077156641
22322.3,D,0.011701574
34773.6,E,0.01822867
2166.3,F,0.001135596
1538926,A,0.800917805
181311.3,B,0.094361554
142010.8,C,0.073908023
22401.6,D,0.011658676
36803.4,E,0.019153941
1993.6,F,0.001037548
1522956.4,A,0.808543218
167375.2,B,0.088860116
132990.3,C,0.070605045
20824.1,D,0.011055592
39434.7,E,0.020936029
1715.9,F,0.000910978
1547746.6,A,0.813397505
162411.3,B,0.085353084
135501.5,C,0.071210999
20880,D,0.010973204
36277.6,E,0.019065207
1430.1,F,0.00075157
1549619.9,A,0.81424292
159662.5,B,0.08389416
136781.8,C,0.071871568
20943.9,D,0.011004907
36133.9,E,0.018986445
1605.6,F,0.000843657
1526916.6,A,0.814981513
153846.3,B,0.082114433
135773.4,C,0.072468143
20414.8,D,0.010896263
36608.6,E,0.019539595
1673,F,0.000892953
1519084.6,A,0.815306623
153272.5,B,0.082262755
135716.2,C,0.072840128
20419,D,0.010959064
34714.2,E,0.018631429
1863,F,0.000999889
1509172.4,A,0.815601336
150337.1,B,0.081246609
138858.2,C,0.075043072
20420.2,D,0.011035679
31592.1,E,0.017073304
1777,F,0.000960343
1499612.8,A,0.80904849
148894.8,B,0.080329478
147714.9,C,0.079692916
24918.4,D,0.0134436
32410.3,E,0.017485516
1780.8,F,0.00096075
1503101.9,A,0.804920736
146626.2,B,0.078519273
160510.8,C,0.085954566
24960.6,D,0.013366562
32191.6,E,0.017238809
1380.6,F,0.00073932
1486873.1,A,0.80315129
140451.3,B,0.075866355
165441.4,C,0.08936504
25007.5,D,0.013508083
33525.6,E,0.018109231
844.8,F,0.000456328
1503122,A,0.795067238
138692.1,B,0.073360343
188854.2,C,0.09989328
24636.6,D,0.01303138
35254.7,E,0.018647759
799.7,F,0.000422996
1500911.5,A,0.790771245
127902.2,B,0.067386639
212507,C,0.111961581
23148.2,D,0.012195876
33566.1,E,0.017684658
768.9,F,0.000405103
1493259.9,A,0.779365238
140850.2,B,0.073512822
223342.6,C,0.116567423
22761.2,D,0.011879572
35781.1,E,0.018674944
763.1,F,0.000398279
1503854.6,A,0.76820173
140700.4,B,0.071872833
256755.8,C,0.131156463
12550.3,D,0.006410967
43768.7,E,0.022358007
1235.9,F,0.000631325
1501071.5,A,0.765973603
136200.3,B,0.06950091
265050.4,C,0.135251126
12773.1,D,0.006517916
44595.6,E,0.022756446
577.7,F,0.000294791
1505485.3,A,0.769303091
134651.4,B,0.068806875
262997.4,C,0.134391689
12788.3,D,0.006534822
41024.4,E,0.020963471
911.9,F,0.000465981
1503741.1,A,0.769171761
132377.4,B,0.067711761
261879,C,0.133952535
12614.5,D,0.006452385
44401.5,E,0.022711609
1083.2,F,0.000554063
1505909.9,A,0.771097683
131744.7,B,0.067459569
259665.9,C,0.132961324
12586.1,D,0.006444683
43036.6,E,0.022036792
969.1,F,0.000496225
1525815.5,A,0.767182182
130049.9,B,0.065389273
268644.6,C,0.135074883
12308.8,D,0.006188882
52038,E,0.02616478
886.3,F,0.000445633
1536268.5,A,0.767662138
126898.3,B,0.063410153
274820,C,0.137325545
12276.3,D,0.006134377
50966.9,E,0.025467787
1213,F,0.000606127
1535664.9,A,0.763597196
126808.4,B,0.063054472
284763.6,C,0.141596442
12290.5,D,0.006111354
51565.6,E,0.025640586
1227.3,F,0.000610265
1556066.8,A,0.766568222
125225.8,B,0.06169023
283210.4,C,0.139518492
11973.9,D,0.005898726
53436.2,E,0.026324379
1200.5,F,0.000591405
1579522.2,A,0.769278521
126253.8,B,0.061489694
285382.7,C,0.138990627
12002.8,D,0.005845753
50089.9,E,0.024395405
1285.9,F,0.000626275
1603289.6,A,0.774460688
125596.5,B,0.060668735
278021.5,C,0.134296837
12016.6,D,0.005804556
51277.1,E,0.024769136
937.8,F,0.000452999
1626395.4,A,0.774986487
127726.9,B,0.060862581
282958.2,C,0.134831162
11702.9,D,0.005576497
49827.9,E,0.023743273
1003.8,F,0.000478316
1645961.7,A,0.774379004
124779.7,B,0.058705363
294844.3,C,0.138716007
11323.3,D,0.005327296
48615.7,E,0.022872329
1592.4,F,0.00074918
1656923.8,A,0.782735398
111889.4,B,0.052856863
287504.8,C,0.135818065
13835.9,D,0.006536118
46683.8,E,0.022053557
1367.3,F,0.000645916
1677196.3,A,0.779104955
110145,B,0.051165457
304116.8,C,0.141270826
13525.1,D,0.00628279
47738.7,E,0.022175972
1358.6,F,0.000631108
1703111.1,A,0.78374218
109096.6,B,0.050204363
302173.7,C,0.139055094
13489.1,D,0.00620745
45179.7,E,0.020790914
2809.6,F,0.001292929
1707607.3,A,0.772361036
133567.3,B,0.060413292
310818.7,C,0.140585165
13502.9,D,0.006107443
45396.4,E,0.020533064
2782.8,F,0.001258677
1724683.9,A,0.775292601
131514,B,0.059119141
307369.6,C,0.138171045
13192,D,0.005930165
47799.2,E,0.021487048
3005.3,F,0.001350965
1737862.6,A,0.781319836
129172.4,B,0.058074187
289891.8,C,0.130331485
13151.2,D,0.005912604
54187.2,E,0.024361842
2842.7,F,0.00127804
1762720.6,A,0.783108772
131925.1,B,0.058609233
291006,C,0.129282741
13166,D,0.005849146
52109.2,E,0.023150108
3068.2,F,0.001363083
1783340.3,A,0.782749878
133745.2,B,0.058703905
300566,C,0.131925466
12855.5,D,0.00564258
47794.6,E,0.020978171
2993.6,F,0.001313961
1829522.7,A,0.783520996
135742.8,B,0.058133924
300798.2,C,0.128821416
12814.8,D,0.005488134
56123,E,0.024035531
2751,F,0.001178158
1834775.7,A,0.785944658
134095.3,B,0.057441073
302763.8,C,0.129691924
12825.3,D,0.005493846
50024.5,E,0.021428499
3242.8,F,0.001389086
1876037.2,A,0.784365055
144182,B,0.060282025
309353.6,C,0.129339735
12520.1,D,0.005234613
49698,E,0.020778572
3332.6,F,0.001393349
1912494.6,A,0.776962945
167929,B,0.068222211
323437.6,C,0.131398557
9362.3,D,0.003803493
48276.9,E,0.019612794
1725.5,F,0.000700995
1901163.9,A,0.775960181
166507.7,B,0.06796013
327361,C,0.133612415
9364.3,D,0.00382204
45682.3,E,0.018645234
1395.9,F,0.000569737
1904650.4,A,0.777676958
165129.5,B,0.067423086
324586.3,C,0.132529984
9201.6,D,0.003757053
45585.9,E,0.018612919
1338.1,F,0.000546352
1930664.8,A,0.775286218
168543.4,B,0.067681026
333830.5,C,0.134054439
8985.6,D,0.003608297
48236.3,E,0.01936998
826,F,0.000331692
1928785.1,A,0.771625926
179479.4,B,0.071802171
334094.7,C,0.13365726
8989,D,0.003596121
48289.5,E,0.019318601
1472.3,F,0.000589005
1979504,A,0.775562926
180136.2,B,0.07057675
336504.4,C,0.131841278
8681.2,D,0.003401265
47519,E,0.018617782
2570.2,F,0.001006996
1989286.3,A,0.773853921
183979,B,0.071569824
349226.1,C,0.135852736
8648.7,D,0.003364438
39482.4,E,0.015359081
2798.3,F,0.001088569
2002157.3,A,0.774594979
185760.4,B,0.071867017
348486.3,C,0.134822443
8651,D,0.0033469
39724.6,E,0.01536866
2602.1,F,0.001006701
2014584.8,A,0.771533367
193305.3,B,0.074030882
353608.8,C,0.135422936
8345.2,D,0.003195994
41300,E,0.015816821
2142.6,F,0.00082056
2036629.8,A,0.771804279
198575.8,B,0.075252583
356616.5,C,0.135143923
8312.2,D,0.003150004
38656.2,E,0.014649211
2422.5,F,0.000918034
2047379,A,0.772130211
200001.9,B,0.075426928
358759.6,C,0.135299388
8313.8,D,0.003135392
37143.7,E,0.014008043
2679.2,F,0.00101041
2080202.6,A,0.769071305
214973.1,B,0.079477664
364797.5,C,0.134869214
8308.8,D,0.003071845
36542.1,E,0.013509973
1984,F,0.000733504
2100727.8,A,0.762912533
227623.2,B,0.082664966
383380.3,C,0.139230621
8043.5,D,0.002921124
33788.3,E,0.012270756
2129.9,F,0.000773507
2102753.8,A,0.764835407
224257.1,B,0.081569117
377263.4,C,0.137222154
8039.5,D,0.00292421
36975.4,E,0.013449076
1413.1,F,0.000513987
2113139.3,A,0.766221226
223900.8,B,0.081186103
380544.8,C,0.137984989
8039.6,D,0.002915147
32246.4,E,0.011692498
2120.7,F,0.000768963
2118774.5,A,0.7661159
227672.7,B,0.082322907
381131.1,C,0.137811077
8049.6,D,0.00291061
29977.9,E,0.010839542
2895.4,F,0.001046932
2136986.2,A,0.768580555
230690.3,B,0.08296922
378598.8,C,0.136165444
8043.5,D,0.002892895
26113.5,E,0.009391885
2633.6,F,0.000947191
2165561.3,A,0.768811737
235432.6,B,0.083582647
379035.2,C,0.134564055
6038.8,D,0.002143879
30696.1,E,0.010897647
3144.8,F,0.001116458
2174878.1,A,0.766419628
242247.7,B,0.085367264
382147,C,0.1346673
4036.1,D,0.001422308
34403,E,0.0121235
3570.9,F,0.001258373
2197484.5,A,0.770506433
241601,B,0.084712827
378937.7,C,0.132867347
4037.6,D,0.001415708
29939.3,E,0.01049765
4312,F,0.001511921
2230163.8,A,0.769017943
243400.2,B,0.083930661
383627.9,C,0.132284785
4004.9,D,0.001380993
38818.5,E,0.013385619
2656.1,F,0.000915892
2239187.9,A,0.771324506
246338.7,B,0.084855351
382639.8,C,0.131806471
4005.8,D,0.001379863
30870.4,E,0.010633809
2612.9,F,0.000900056
2261458.4,A,0.768528121
246066.2,B,0.083622495
393695.8,C,0.133792553
4006.6,D,0.001361592
37356.8,E,0.012695237
1978.9,F,0.000672504
2305386.5,A,0.772064543
242349.7,B,0.081161927
393519.4,C,0.131788043
2005.3,D,0.000671567
42741.4,E,0.014313921
2957.1,F,0.000990321
2321104.8,A,0.771980418
253339.5,B,0.08425864
402922.9,C,0.134008852
0,D,0
29321.6,E,0.009752124
3584.3,F,0.001192109
2312827.4,A,0.772725608
246322.4,B,0.082297376
401571.6,C,0.134166803
0,D,0
32355.7,E,0.010810179
3835.4,F,0.001281424
2313517.6,A,0.77257535
246330.1,B,0.082259397
403242.6,C,0.134658709
0,D,0
31462.4,E,0.010506544
3883.6,F,0.001296888
2321503,A,0.77060102
247614.1,B,0.082193165
408379.2,C,0.135557623
0,D,0
35091.2,E,0.011648193
2648.9,F,0.000879277
2335148,A,0.774491672
247277.1,B,0.082013669
400596.9,C,0.132864796
0,D,0
32049.9,E,0.010629896
2861.7,F,0.000949132
2376121.6,A,0.774673187
246263.1,B,0.080287735
413548.8,C,0.134826924
0,D,0
31323.3,E,0.010212154
2469.6,F,0.000805149
2377230.3,A,0.772479586
254001,B,0.082537475
411769.4,C,0.133804224
0,D,0
34401.4,E,0.011178715
1207.9,F,0.000392506
2386813.4,A,0.770915114
249703.3,B,0.080651486
426698.6,C,0.137819069
0,D,0
32862.8,E,0.010614332
1138.2,F,0.000367626
2405206.3,A,0.772583315
244051.1,B,0.078392364
431365.2,C,0.138560071
0,D,0
32577.3,E,0.010464249
866.6,F,0.000278363
2413903.5,A,0.772561951
246308.9,B,0.078830361
429931,C,0.137598016
0,D,0
34400.1,E,0.01100964
1335.1,F,0.000427294
2435720.4,A,0.773242092
241595.5,B,0.076696738
436638.6,C,0.138614984
0,D,0
36055.6,E,0.011446186
1143.2,F,0.000362919
2470314.1,A,0.763418338
255773.5,B,0.079043463
471171.1,C,0.14560928
0,D,0
38600.4,E,0.01192895
630.3,F,0.000194786
2495243.1,A,0.756192431
260458,B,0.078932737
501714.8,C,0.152046482
0,D,0
42330.3,E,0.01282835
1031.6,F,0.00031263
2514595.1,A,0.756538485
252573.7,B,0.075989063
515314.3,C,0.155036928
0,D,0
41333.4,E,0.012435524
1253.6,F,0.000377157
2511249.7,A,0.75817448
244905.4,B,0.07393969
513961.5,C,0.155170748
0,D,0
42115.3,E,0.012715082
1628.6,F,0.000491693
2551123.3,A,0.761576675
245098.6,B,0.073168309
510865,C,0.152506493
0.2,D,5.97052E-08
42704.7,E,0.012748464
1312.7,F,0.000391875
2585404.7,A,0.763201076
247924.3,B,0.073186257
508082.2,C,0.149983823
0.2,D,5.90392E-08
46168.6,E,0.013628785
2149.4,F,0.000634494
2618001.8,A,0.75954455
254888.6,B,0.073949241
508684.3,C,0.147581406
0.2,D,5.80248E-08
65229.8,E,0.018924715
2180.2,F,0.000632528
2617240.8,A,0.7628603
253794.6,B,0.073974785
508245.2,C,0.148140777
0,D,0
51545.2,E,0.015024138
2242.5,F,0.000653633
2638269,A,0.76084057
254857.6,B,0.073497434
528509.2,C,0.1524148
0,D,0
45935.6,E,0.013247197
1912.2,F,0.000551452
2678349.3,A,0.761300166
259893.2,B,0.073872641
532609.3,C,0.151390093
0,D,0
47273.4,E,0.0134371
1791,F,0.000509078
2737880.5,A,0.765449667
253752.2,B,0.070943395
536136,C,0.149891539
0,D,0
49057.6,E,0.013715399
932.3,F,0.00026065
2757940.4,A,0.770991228
249413.5,B,0.069724357
524500.1,C,0.146625712
0,D,0
45281.9,E,0.012658703
972.8,F,0.000271949
2792209.8,A,0.767575337
269682.6,B,0.074135444
526639.9,C,0.144772717
0,D,0
49169,E,0.013516503
797.6,F,0.000219259
2845968.8,A,0.759200188
295040,B,0.078705861
556415.6,C,0.148431293
0,D,0
51216.4,E,0.013662659
2144.2,F,0.000571994
2901760.7,A,0.764672017
286795.6,B,0.07557638
555464.9,C,0.146376118
0,D,0
50757.1,E,0.013375512
1886.8,F,0.00049721
2910584.8,A,0.767338875
272500.9,B,0.071841416
559867.8,C,0.147602065
0,D,0
50135.6,E,0.013217617
1634.7,F,0.000430968
2891217.6,A,0.762257776
289630.7,B,0.076359958
561477.9,C,0.148031368
0,D,0
50639.4,E,0.013350872
1768.5,F,0.000466258
2912237.2,A,0.763669195
290970.4,B,0.076300492
559336.9,C,0.146673616
0,D,0
50935.5,E,0.013356698
1539.8,F,0.000403778
2991103.8,A,0.773730308
269218.8,B,0.069640761
552935.5,C,0.143031798
0,D,0
52564.1,E,0.013597133
2994.8,F,0.000774686
3036143.8,A,0.768849935
275998.7,B,0.069891809
581254.2,C,0.147192387
0,D,0
55545.2,E,0.014065843
3132.4,F,0.000793225
3090301.5,A,0.775213562
270928.3,B,0.067963366
570861.1,C,0.143202619
0,D,0
54296.3,E,0.013620428
3369.3,F,0.000845201
3112665.9,A,0.779414708
264031.4,B,0.066113731
560649.2,C,0.14038713
0,D,0
56247.6,E,0.014084456
2978.1,F,0.000745719
3162884.3,A,0.779084839
259648.6,B,0.063956904
568016.8,C,0.139914469
0,D,0
69193.4,E,0.017043788
3091.1,F,0.000761403
3180600.3,A,0.782884776
258586.7,B,0.063649491
554971.9,C,0.136602846
0,D,0
68508.3,E,0.016862888
2627.1,F,0.000646644
3282697.4,A,0.788656683
265715,B,0.063837109
546573.3,C,0.131312343
0,D,0
67405.2,E,0.016193866
2486.5,F,0.000597373
3276514.3,A,0.774046172
285369.7,B,0.06741595
591752.5,C,0.13979605
0,D,0
79333.5,E,0.018741805
4689.2,F,0.00110778
3279639.7,A,0.774771926
279730,B,0.066082549
590249.3,C,0.139438667
0,D,0
83419.9,E,0.019706859
5296.8,F,0.0012513
3294594.5,A,0.777600191
278408.4,B,0.065710795
587543.6,C,0.138673823
0,D,0
76328.1,E,0.01801519
4229.5,F,0.000998259
3335259.9,A,0.782999685
295189.5,B,0.069299932
557505.1,C,0.130882249
0,D,0
71638.4,E,0.016818133
4874.3,F,0.001144311
3382159.3,A,0.784010686
302729.2,B,0.07017497
557901.4,C,0.12932586
0.1,D,2.31808E-08
71129.9,E,0.016488461
4597.7,F,0.001065782
3399487.2,A,0.785999842
302895.9,B,0.070032954
550069.3,C,0.127182236
0.1,D,2.31211E-08
72595.7,E,0.016784946
4697.9,F,0.001086208
3435837.3,A,0.787675969
298211,B,0.068365763
550938.7,C,0.126304343
0,D,0
77006.3,E,0.017653924
5043.3,F,0.001156192
3466873,A,0.790116297
299277.6,B,0.068206741
550720.6,C,0.125511757
0,D,0
70929.7,E,0.016165205
4476.5,F,0.001020215
3507109.8,A,0.791395492
301684.6,B,0.068076521
550273.2,C,0.124171684
0.1,D,2.25655E-08
72483.7,E,0.016356281
4645.2,F,0.001048211
3527507,A,0.790417377
299683.8,B,0.067150904
557322.3,C,0.124880611
0,D,0
78327.8,E,0.017551107
6201.8,F,0.001389653
3576444.8,A,0.796659862
289273.3,B,0.064436176
544101.1,C,0.121199552
0,D,0
79480.4,E,0.01770441
4813.5,F,0.001072216
3614472.9,A,0.796710826
303210.9,B,0.066834477
535846.6,C,0.118112599
0,D,0
83213.4,E,0.018342098
5969.2,F,0.001315745
3670486.6,A,0.793380487
311296.2,B,0.067287081
557345.1,C,0.120470874
0,D,0
87260.9,E,0.018861558
6597.5,F,0.001426058
3670341.4,A,0.792282197
299109.8,B,0.064566029
577628.6,C,0.124687272
0,D,0
85539,E,0.018464502
4113.7,F,0.000887986
3701441,A,0.797252686
292533.6,B,0.063008757
561494.5,C,0.120940195
0,D,0
87276,E,0.018798361
3716.2,F,0.000800432
3719430.3,A,0.799022925
294282.5,B,0.063218946
554874.9,C,0.11920045
0,D,0
86385.5,E,0.018557679
4922.9,F,0.001057557
3769050.6,A,0.799273568
305063.5,B,0.06469247
552162.4,C,0.117092833
0,D,0
89318.6,E,0.018941108
2976.7,F,0.000631246
3855970.6,A,0.802665093
306485.9,B,0.063798602
553582.6,C,0.115234652
0,D,0
87920.4,E,0.018301653
5199.9,F,0.00108242
3899992.7,A,0.801142847
325600.6,B,0.066885405
546496.7,C,0.112262241
0,D,0
95946.5,E,0.019709486
2282.3,F,0.000468834
3890551.8,A,0.800599059
322454.6,B,0.066354816
553688.8,C,0.113938268
0,D,0
92855.5,E,0.019107836
2332.2,F,0.000479921
3935893,A,0.800368757
333734.1,B,0.067865246
551773,C,0.112203729
0,D,0
96199.4,E,0.019562268
1677.7,F,0.000341162
3953143.1,A,0.799329869
344079.5,B,0.069573252
554095,C,0.112038617
0,D,0
94254,E,0.019058262
1886,F,0.000381351
4011684.1,A,0.799183721
354066.4,B,0.070534991
551279.1,C,0.109822526
0,D,0
102697.3,E,0.020458742
935.6,F,0.000186385
4059594.6,A,0.802760244
364206,B,0.072019531
536827.7,C,0.106154426
0,D,0
96416.6,E,0.019065799
942.7,F,0.000186413
4050052.7,A,0.800333879
384010,B,0.075884497
537448.7,C,0.106205631
0,D,0
88942.5,E,0.017575993
1017.3,F,0.000201029
4048604.3,A,0.799510472
365049.7,B,0.072089302
562608.5,C,0.111102828
0,D,0
87591.6,E,0.017297418
956.7,F,0.000188927
4084399.6,A,0.803042455
365720.7,B,0.071905121
550693.2,C,0.108272956
3.5,D,6.88142E-07
85339.5,E,0.01677878
1060.8,F,0.000208566
4150320.9,A,0.808973702
356426.6,B,0.069474085
530385.6,C,0.103381886
8.6,D,1.6763E-06
93211.7,E,0.018168671
1141.5,F,0.000222499
4179471.1,A,0.809462767
353785,B,0.068519623
534561.2,C,0.103531614
0,D,0
95448.2,E,0.018486015
1118.6,F,0.000216646
4225174.6,A,0.811860014
350508.4,B,0.067349585
532697.7,C,0.102356945
0,D,0
95933.6,E,0.018433476
1368,F,0.000262859
4247809.5,A,0.812085176
352168.5,B,0.067326658
537230.7,C,0.102706368
6.1,D,1.16618E-06
93529.1,E,0.01788065
1376.8,F,0.000263213
4248640.6,A,0.813655859
351124.4,B,0.067243726
529544.6,C,0.101412924
1.7,D,3.25566E-07
92356.4,E,0.017687146
1086.6,F,0.000208094
4309382.5,A,0.813376134
351335.5,B,0.06631296
536975.8,C,0.101351713
0,D,0
100448.6,E,0.018959211
1107.5,F,0.000209036
4277160.4,A,0.819498607
358285.6,B,0.068647075
493432.8,C,0.09454111
0,D,0
90361.7,E,0.017313189
1277.3,F,0.000244729
4273577.8,A,0.820453236
351020.1,B,0.067389806
499967.3,C,0.095985099
0,D,0
84236,E,0.016171859
1668.7,F,0.000320362
4325858.6,A,0.817355415
370423.9,B,0.069990263
515910.4,C,0.097479413
0,D,0
80313.3,E,0.015174909
1758.3,F,0.000332224
4281464.3,A,0.806710816
381248.3,B,0.071834565
566106.9,C,0.106665507
0,D,0
78490.4,E,0.014789112
1533.9,F,0.000289016
4290948.2,A,0.809295685
365499.7,B,0.06893519
562983.7,C,0.106181724
0,D,0
82645.6,E,0.0155874
1529.7,F,0.00028851
4333357,A,0.812003827
362696.4,B,0.067963675
552511.5,C,0.103532077
0,D,0
88056.5,E,0.016500421
1746.3,F,0.00032723
4627771.7,A,0.816663557
371995.3,B,0.065646066
568234.7,C,0.100276462
0,D,0
98679.1,E,0.017413915
2791.2,F,0.000492563
4698104,A,0.819425944
363805.6,B,0.063453629
565227,C,0.098584805
0,D,0
106272.4,E,0.018535639
2808.4,F,0.000489831
4624995.3,A,0.822506069
351051.1,B,0.062430693
550051.2,C,0.097820737
0,D,0
96955.5,E,0.017242501
2812,F,0.000500084
4578287.4,A,0.822956914
346251.2,B,0.062239391
545010.2,C,0.097966745
0,D,0
93667.7,E,0.016836969
2858.2,F,0.000513768
4497690.6,A,0.822360011
336593.1,B,0.061542852
545545.2,C,0.099747759
0,D,0
89418.7,E,0.01634936
2701.7,F,0.00049398
4458289.9,A,0.823439219
325298,B,0.060082035
545681.7,C,0.100786562
0,D,0
84961,E,0.015692165
2667.1,F,0.000492609
4422261,A,0.821730329
322607,B,0.059945796
556253.4,C,0.103361219
0,D,0
80523.7,E,0.014962655
2819.5,F,0.00052391
4428683.8,A,0.832463774
265997.6,B,0.049999814
548069,C,0.103021035
0,D,0
77221.4,E,0.014515378
2735.8,F,0.000514251
4390015.2,A,0.835589487
277050,B,0.052733318
522631.6,C,0.099476984
0,D,0
64097.4,E,0.012200211
1942.7,F,0.000369771
4330419.3,A,0.832712266
273193.5,B,0.052533384
534108.5,C,0.102705689
0,D,0
62657.6,E,0.012048661
1841.3,F,0.00035407
4337320.1,A,0.82684252
262503.1,B,0.050042127
580363.5,C,0.110637262
0,D,0
65455.7,E,0.01247811
1962.7,F,0.000374158
4345926.6,A,0.827543938
268344.7,B,0.051097741
577543.8,C,0.109974906
0,D,0
59781.2,E,0.011383434
1907,F,0.000363128
4342693.8,A,0.826248927
263556.8,B,0.050144803
593757.9,C,0.112969473
0,D,0
55906.1,E,0.010636798
2346.4,F,0.00044643
